{
  "version": 2,
  "builds": [
    {
      "src": "package.json",
      "use": "@vercel/static-build",
      "config": {
        "distDir": "dist"
      }
    }
  ],
  "installCommand": "echo 'Cleaning corrupted files...' && rm -rf node_modules && rm -f pnpm-lock.yaml && rm -f package-lock.json && rm -f yarn.lock && echo 'Installing with npm...' && npm install --no-package-lock --registry=https://registry.npmjs.org/",
  "buildCommand": "npm run build",
  "outputDirectory": "dist",
  "framework": null,
  "rewrites": [
    {
      "source": "/(.*)",
      "destination": "/index.html"
    }
  ]
}
